year,month,,Date,all_grades_all_formulation,all_grades_conventional,all_grades_refomulated,regular_all_formulation,regular_conventional,regular_reformulated,midgrade_all_formulation,midgrade_conventional,midgrade_reformulated,premium_all_formulation,premium_conventional,premium_reformulated,no_2_diesel
1995,1,0,1995-01-02,1.127,1.104,1.231,1.079,1.063,1.167,1.17,1.159,1.298,1.272,1.25,1.386,1.104
1995,2,5,1995-02-06,1.124,1.103,1.218,1.076,1.062,1.159,1.169,1.157,1.288,1.27,1.25,1.368,1.086
1995,3,9,1995-03-06,1.123,1.103,1.209,1.076,1.063,1.149,1.167,1.157,1.275,1.263,1.244,1.358,1.089
1995,4,13,1995-04-03,1.133,1.116,1.198,1.087,1.077,1.14,1.174,1.167,1.266,1.27,1.255,1.35,1.094
1995,5,17,1995-05-01,1.194,1.181,1.242,1.148,1.141,1.188,1.236,1.234,1.305,1.332,1.323,1.389,1.119
1995,6,22,1995-06-05,1.246,1.234,1.289,1.199,1.194,1.238,1.29,1.288,1.349,1.386,1.38,1.434,1.124
1995,7,26,1995-07-03,1.222,1.209,1.275,1.175,1.169,1.223,1.266,1.262,1.337,1.362,1.354,1.423,1.106
1995,8,31,1995-08-07,1.174,1.164,1.229,1.127,1.124,1.174,1.217,1.216,1.296,1.316,1.309,1.379,1.099
1995,9,35,1995-09-04,1.16,1.151,1.209,1.113,1.111,1.152,1.202,1.202,1.277,1.3,1.294,1.362,1.115
1995,10,39,1995-10-02,1.151,1.14,1.2,1.105,1.1,1.142,1.192,1.191,1.262,1.29,1.282,1.352,1.117
1995,11,44,1995-11-06,1.112,1.1,1.171,1.065,1.06,1.11,1.153,1.151,1.24,1.252,1.245,1.318,1.118
1995,12,48,1995-12-04,1.108,1.097,1.16,1.062,1.058,1.101,1.151,1.147,1.229,1.246,1.238,1.307,1.123
1996,1,52,1996-01-01,1.129,1.116,1.178,1.083,1.077,1.122,1.171,1.164,1.244,1.268,1.258,1.326,1.148
1996,2,57,1996-02-05,1.13,1.115,1.182,1.083,1.076,1.126,1.172,1.164,1.25,1.269,1.258,1.331,1.13
1996,3,61,1996-03-04,1.17,1.155,1.213,1.124,1.115,1.158,1.213,1.205,1.279,1.308,1.297,1.355,1.175
1996,4,65,1996-04-01,1.223,1.21,1.266,1.178,1.172,1.209,1.263,1.258,1.334,1.357,1.347,1.406,1.222
1996,5,70,1996-05-06,1.321,1.298,1.422,1.275,1.259,1.351,1.359,1.349,1.49,1.458,1.439,1.553,1.292
1996,6,74,1996-06-03,1.315,1.292,1.419,1.269,1.252,1.367,1.353,1.342,1.49,1.454,1.434,1.556,1.24
1996,7,78,1996-07-01,1.279,1.258,1.375,1.234,1.219,1.319,1.317,1.307,1.448,1.416,1.397,1.514,1.172
1996,8,83,1996-08-05,1.253,1.239,1.327,1.207,1.199,1.271,1.292,1.289,1.402,1.389,1.379,1.47,1.184
1996,9,87,1996-09-02,1.242,1.232,1.289,1.197,1.193,1.235,1.281,1.281,1.359,1.375,1.37,1.432,1.231
1996,10,92,1996-10-07,1.239,1.23,1.278,1.194,1.191,1.227,1.279,1.279,1.348,1.373,1.367,1.421,1.308
1996,11,96,1996-11-04,1.268,1.264,1.273,1.223,1.225,1.225,1.31,1.312,1.336,1.403,1.403,1.416,1.323
1996,12,100,1996-12-02,1.287,1.281,1.288,1.241,1.242,1.24,1.332,1.33,1.345,1.423,1.421,1.433,1.323
1997,1,105,1997-01-06,1.272,1.26,1.304,1.225,1.22,1.254,1.317,1.311,1.361,1.409,1.402,1.448,1.291
1997,2,109,1997-02-03,1.282,1.27,1.318,1.236,1.23,1.267,1.324,1.319,1.378,1.42,1.414,1.458,1.288
1997,3,113,1997-03-03,1.261,1.248,1.306,1.215,1.208,1.253,1.302,1.298,1.371,1.398,1.391,1.448,1.252
1997,4,118,1997-04-07,1.248,1.232,1.314,1.203,1.192,1.259,1.288,1.282,1.388,1.386,1.374,1.453,1.217
1997,5,122,1997-05-05,1.238,1.221,1.305,1.193,1.182,1.249,1.276,1.269,1.379,1.374,1.363,1.442,1.205
1997,6,126,1997-06-02,1.258,1.243,1.304,1.215,1.206,1.25,1.297,1.29,1.373,1.388,1.378,1.439,1.19
1997,7,131,1997-07-07,1.222,1.208,1.268,1.177,1.169,1.215,1.264,1.257,1.339,1.356,1.346,1.41,1.159
1997,8,135,1997-08-04,1.237,1.222,1.279,1.193,1.185,1.228,1.277,1.268,1.347,1.37,1.358,1.42,1.155
1997,9,139,1997-09-01,1.287,1.267,1.365,1.243,1.229,1.309,1.326,1.315,1.434,1.422,1.407,1.504,1.165
1997,10,144,1997-10-06,1.254,1.234,1.347,1.209,1.195,1.288,1.292,1.283,1.42,1.39,1.374,1.486,1.175
1997,11,148,1997-11-03,1.221,1.202,1.311,1.176,1.163,1.254,1.259,1.251,1.387,1.357,1.344,1.452,1.188
1997,12,152,1997-12-01,1.197,1.18,1.282,1.152,1.14,1.226,1.236,1.23,1.358,1.336,1.324,1.424,1.189
1998,1,157,1998-01-05,1.148,1.13,1.236,1.102,1.089,1.183,1.188,1.181,1.313,1.29,1.276,1.378,1.147
1998,2,161,1998-02-02,1.108,1.092,1.177,1.061,1.051,1.124,1.149,1.144,1.249,1.25,1.239,1.319,1.091
1998,3,165,1998-03-02,1.075,1.065,1.117,1.028,1.025,1.065,1.119,1.117,1.187,1.216,1.211,1.259,1.074
1998,4,170,1998-04-06,1.074,1.063,1.108,1.028,1.023,1.059,1.118,1.114,1.176,1.212,1.206,1.248,1.067
1998,5,174,1998-05-04,1.095,1.079,1.149,1.049,1.038,1.101,1.137,1.131,1.221,1.236,1.227,1.283,1.072
1998,6,178,1998-06-01,1.104,1.086,1.172,1.066,1.047,1.119,1.156,1.132,1.234,1.242,1.224,1.304,1.053
1998,7,183,1998-07-06,1.097,1.08,1.157,1.058,1.041,1.103,1.149,1.127,1.22,1.237,1.219,1.296,1.036
1998,8,187,1998-08-03,1.077,1.061,1.139,1.039,1.023,1.082,1.131,1.109,1.204,1.218,1.199,1.282,1.016
1998,9,192,1998-09-07,1.046,1.03,1.112,1.007,0.991,1.054,1.101,1.079,1.177,1.191,1.172,1.258,1.009
1998,10,196,1998-10-05,1.059,1.045,1.116,1.019,1.006,1.057,1.113,1.093,1.181,1.202,1.186,1.261,1.041
1998,11,200,1998-11-02,1.05,1.037,1.11,1.01,0.997,1.052,1.105,1.086,1.176,1.196,1.18,1.255,1.035
1998,12,205,1998-12-07,0.996,0.974,1.088,0.954,0.933,1.024,1.056,1.027,1.157,1.146,1.12,1.238,0.986
1999,1,209,1999-01-04,0.977,0.953,1.071,0.935,0.913,1.006,1.036,1.006,1.143,1.126,1.098,1.223,0.965
1999,2,213,1999-02-01,0.971,0.948,1.056,0.929,0.908,0.994,1.029,1.002,1.127,1.12,1.094,1.207,0.962
1999,3,217,1999-03-01,0.955,0.932,1.042,0.913,0.891,0.978,1.016,0.987,1.116,1.104,1.077,1.192,0.956
1999,4,222,1999-04-05,1.158,1.125,1.287,1.118,1.087,1.21,1.216,1.172,1.374,1.296,1.26,1.412,1.075
1999,5,226,1999-05-03,1.176,1.145,1.3,1.136,1.107,1.224,1.234,1.194,1.383,1.316,1.28,1.433,1.078
1999,6,231,1999-06-07,1.152,1.132,1.235,1.112,1.092,1.168,1.21,1.184,1.306,1.296,1.272,1.376,1.059
1999,7,235,1999-07-05,1.165,1.149,1.233,1.125,1.11,1.17,1.221,1.2,1.302,1.306,1.289,1.37,1.102
1999,8,239,1999-08-02,1.234,1.211,1.331,1.195,1.172,1.261,1.292,1.262,1.405,1.375,1.35,1.463,1.146
1999,9,244,1999-09-06,1.282,1.262,1.362,1.242,1.223,1.297,1.338,1.311,1.432,1.423,1.401,1.499,1.198
1999,10,248,1999-10-04,1.296,1.282,1.357,1.255,1.242,1.297,1.353,1.335,1.421,1.441,1.425,1.5,1.234
1999,11,252,1999-11-01,1.271,1.258,1.334,1.23,1.218,1.272,1.329,1.312,1.398,1.417,1.403,1.477,1.229
1999,12,257,1999-12-06,1.313,1.301,1.372,1.273,1.26,1.313,1.37,1.353,1.437,1.458,1.445,1.514,1.294
2000,1,261,2000-01-03,1.312,1.301,1.365,1.272,1.26,1.306,1.369,1.353,1.428,1.457,1.444,1.507,1.309
2000,2,266,2000-02-07,1.364,1.358,1.397,1.325,1.319,1.343,1.417,1.406,1.458,1.504,1.496,1.538,1.47
2000,3,270,2000-03-06,1.539,1.528,1.582,1.501,1.49,1.529,1.593,1.579,1.643,1.674,1.663,1.709,1.49
2000,4,274,2000-04-03,1.543,1.518,1.647,1.503,1.478,1.578,1.602,1.572,1.717,1.687,1.661,1.776,1.442
2000,5,278,2000-05-01,1.461,1.426,1.587,1.42,1.386,1.522,1.517,1.477,1.655,1.607,1.57,1.723,1.418
2000,6,283,2000-06-05,1.599,1.571,1.66,1.563,1.535,1.627,1.646,1.615,1.712,1.73,1.703,1.787,1.419
2000,7,287,2000-07-03,1.661,1.642,1.716,1.625,1.606,1.666,1.707,1.682,1.774,1.792,1.772,1.847,1.453
2000,8,292,2000-08-07,1.504,1.479,1.619,1.462,1.437,1.54,1.564,1.532,1.686,1.656,1.627,1.77,1.41
2000,9,296,2000-09-04,1.568,1.539,1.675,1.53,1.502,1.605,1.622,1.586,1.743,1.706,1.674,1.808,1.609
2000,10,300,2000-10-02,1.563,1.536,1.68,1.524,1.498,1.601,1.616,1.58,1.754,1.704,1.674,1.817,1.625
2000,11,305,2000-11-06,1.565,1.54,1.666,1.526,1.502,1.594,1.618,1.586,1.735,1.706,1.679,1.804,1.61
2000,12,309,2000-12-04,1.526,1.503,1.623,1.486,1.464,1.55,1.581,1.55,1.695,1.668,1.643,1.764,1.622
2001,1,313,2001-01-01,1.446,1.416,1.558,1.406,1.377,1.489,1.503,1.467,1.628,1.59,1.559,1.704,1.522
2001,2,318,2001-02-05,1.483,1.466,1.551,1.443,1.426,1.489,1.538,1.517,1.617,1.63,1.611,1.696,1.52
2001,3,322,2001-03-05,1.457,1.433,1.562,1.417,1.393,1.489,1.513,1.482,1.633,1.605,1.578,1.701,1.42
2001,4,326,2001-04-02,1.482,1.451,1.581,1.442,1.411,1.518,1.54,1.502,1.656,1.624,1.591,1.718,1.391
2001,5,331,2001-05-07,1.739,1.695,1.833,1.703,1.659,1.794,1.788,1.738,1.889,1.869,1.826,1.965,1.47
2001,6,335,2001-06-04,1.715,1.665,1.831,1.679,1.63,1.79,1.762,1.703,1.893,1.847,1.794,1.972,1.514
2001,7,339,2001-07-02,1.52,1.427,1.703,1.474,1.384,1.654,1.585,1.482,1.784,1.678,1.582,1.855,1.407
2001,8,344,2001-08-06,1.419,1.358,1.539,1.376,1.319,1.49,1.476,1.406,1.611,1.57,1.501,1.696,1.345
2001,9,348,2001-09-03,1.579,1.568,1.6,1.545,1.538,1.559,1.619,1.599,1.659,1.698,1.683,1.728,1.488
2001,10,352,2001-10-01,1.455,1.417,1.531,1.416,1.381,1.487,1.503,1.455,1.596,1.591,1.549,1.669,1.39
2001,11,357,2001-11-05,1.249,1.209,1.327,1.206,1.17,1.28,1.303,1.256,1.394,1.395,1.353,1.474,1.291
2001,12,361,2001-12-03,1.149,1.122,1.201,1.108,1.084,1.156,1.2,1.167,1.264,1.291,1.263,1.344,1.194
2002,1,366,2002-01-07,1.152,1.148,1.16,1.112,1.109,1.117,1.202,1.194,1.217,1.293,1.289,1.301,1.168
2002,2,370,2002-02-04,1.157,1.137,1.196,1.116,1.098,1.154,1.209,1.184,1.258,1.297,1.278,1.333,1.144
2002,3,374,2002-03-04,1.185,1.157,1.239,1.144,1.118,1.196,1.238,1.204,1.304,1.326,1.299,1.377,1.173
2002,4,378,2002-04-01,1.412,1.379,1.479,1.371,1.339,1.436,1.468,1.428,1.545,1.554,1.522,1.613,1.295
2002,5,383,2002-05-06,1.437,1.396,1.518,1.395,1.356,1.474,1.493,1.446,1.582,1.583,1.542,1.658,1.305
2002,6,387,2002-06-03,1.433,1.393,1.512,1.392,1.353,1.469,1.488,1.442,1.574,1.576,1.536,1.65,1.3
2002,7,391,2002-07-01,1.433,1.396,1.506,1.392,1.357,1.461,1.489,1.444,1.574,1.575,1.538,1.644,1.289
2002,8,396,2002-08-05,1.437,1.395,1.52,1.395,1.355,1.475,1.491,1.443,1.584,1.582,1.538,1.662,1.304
2002,9,400,2002-09-02,1.436,1.393,1.521,1.394,1.353,1.476,1.489,1.438,1.586,1.581,1.536,1.665,1.388
2002,10,405,2002-10-07,1.48,1.456,1.527,1.439,1.416,1.484,1.531,1.502,1.587,1.623,1.598,1.669,1.46
2002,11,409,2002-11-04,1.489,1.466,1.534,1.448,1.427,1.489,1.541,1.513,1.596,1.632,1.608,1.676,1.442
2002,12,413,2002-12-02,1.408,1.358,1.507,1.364,1.316,1.459,1.464,1.405,1.575,1.562,1.509,1.66,1.407
2003,1,418,2003-01-06,1.487,1.453,1.554,1.444,1.412,1.507,1.541,1.502,1.616,1.639,1.603,1.704,1.501
2003,2,422,2003-02-03,1.569,1.539,1.629,1.527,1.499,1.585,1.623,1.588,1.69,1.713,1.683,1.769,1.542
2003,3,426,2003-03-03,1.726,1.679,1.821,1.686,1.641,1.778,1.782,1.725,1.893,1.865,1.819,1.952,1.753
2003,4,431,2003-04-07,1.673,1.597,1.824,1.63,1.557,1.778,1.735,1.645,1.907,1.819,1.743,1.96,1.554
2003,5,435,2003-05-05,1.556,1.482,1.706,1.513,1.441,1.659,1.615,1.528,1.782,1.706,1.629,1.848,1.484
2003,6,439,2003-06-02,1.514,1.466,1.61,1.473,1.428,1.564,1.566,1.507,1.68,1.657,1.605,1.754,1.423
2003,7,444,2003-07-07,1.53,1.485,1.622,1.489,1.448,1.577,1.585,1.529,1.693,1.672,1.626,1.757,1.428
2003,8,448,2003-08-04,1.576,1.553,1.625,1.536,1.516,1.579,1.628,1.596,1.691,1.716,1.69,1.765,1.453
2003,9,452,2003-09-01,1.786,1.724,1.913,1.746,1.688,1.868,1.841,1.767,1.984,1.924,1.858,2.047,1.501
2003,10,457,2003-10-06,1.617,1.551,1.751,1.573,1.511,1.704,1.674,1.599,1.82,1.767,1.697,1.899,1.445
2003,11,461,2003-11-03,1.577,1.532,1.668,1.535,1.494,1.62,1.63,1.577,1.733,1.723,1.672,1.818,1.481
2003,12,465,2003-12-01,1.533,1.493,1.615,1.49,1.454,1.567,1.588,1.54,1.68,1.683,1.639,1.764,1.476
2004,1,470,2004-01-05,1.552,1.532,1.595,1.51,1.492,1.547,1.605,1.578,1.659,1.701,1.677,1.744,1.503
2004,2,474,2004-02-02,1.66,1.632,1.717,1.616,1.591,1.67,1.713,1.679,1.779,1.811,1.783,1.862,1.581
2004,3,478,2004-03-01,1.758,1.703,1.871,1.717,1.664,1.826,1.816,1.749,1.945,1.902,1.848,2.001,1.619
2004,4,483,2004-04-05,1.822,1.776,1.916,1.78,1.737,1.871,1.879,1.823,1.989,1.963,1.919,2.047,1.648
2004,5,487,2004-05-03,1.884,1.848,1.957,1.844,1.811,1.913,1.937,1.892,2.024,2.021,1.985,2.089,1.717
2004,6,492,2004-06-07,2.075,2.021,2.186,2.034,1.983,2.14,2.128,2.064,2.253,2.219,2.163,2.324,1.734
2004,7,496,2004-07-05,1.939,1.875,2.068,1.895,1.835,2.02,1.995,1.922,2.136,2.091,2.025,2.215,1.716
2004,8,500,2004-08-02,1.93,1.885,2.022,1.888,1.846,1.975,1.985,1.931,2.089,2.078,2.029,2.168,1.78
2004,9,505,2004-09-06,1.893,1.854,1.973,1.85,1.815,1.924,1.949,1.901,2.043,2.043,2.0,2.121,1.869
2004,10,509,2004-10-04,1.98,1.941,2.058,1.938,1.902,2.012,2.035,1.987,2.127,2.125,2.087,2.195,2.053
2004,11,513,2004-11-01,2.076,2.026,2.179,2.034,1.986,2.133,2.134,2.074,2.252,2.223,2.173,2.314,2.206
2004,12,518,2004-12-06,1.956,1.91,2.05,1.911,1.868,2.002,2.014,1.96,2.12,2.111,2.065,2.196,2.069
2005,1,522,2005-01-03,1.824,1.788,1.898,1.778,1.745,1.848,1.882,1.839,1.965,1.985,1.948,2.055,1.957
2005,2,527,2005-02-07,1.952,1.93,1.996,1.909,1.89,1.949,2.006,1.978,2.06,2.102,2.082,2.14,1.983
2005,3,531,2005-03-07,2.04,2.018,2.086,1.999,1.979,2.041,2.094,2.063,2.153,2.182,2.162,2.221,2.168
2005,4,535,2005-04-04,2.258,2.236,2.302,2.217,2.196,2.26,2.313,2.284,2.37,2.4,2.384,2.43,2.303
2005,5,539,2005-05-02,2.277,2.231,2.371,2.235,2.191,2.326,2.333,2.278,2.44,2.425,2.381,2.506,2.262
2005,6,544,2005-06-06,2.159,2.118,2.242,2.116,2.078,2.195,2.214,2.165,2.308,2.309,2.267,2.388,2.234
2005,7,548,2005-07-04,2.268,2.228,2.35,2.226,2.189,2.304,2.321,2.273,2.413,2.414,2.374,2.49,2.348
2005,8,552,2005-08-01,2.335,2.279,2.449,2.291,2.239,2.402,2.389,2.324,2.514,2.49,2.433,2.597,2.348
2005,9,557,2005-09-05,3.117,3.083,3.186,3.069,3.037,3.137,3.172,3.138,3.236,3.285,3.248,3.353,2.898
2005,10,561,2005-10-03,2.975,2.968,2.99,2.928,2.922,2.941,3.033,3.023,3.052,3.139,3.135,3.147,3.144
2005,11,566,2005-11-07,2.424,2.382,2.51,2.376,2.336,2.461,2.485,2.436,2.58,2.59,2.552,2.66,2.698
2005,12,570,2005-12-05,2.191,2.168,2.238,2.147,2.127,2.19,2.245,2.214,2.306,2.345,2.322,2.387,2.425
2006,1,574,2006-01-02,2.281,2.277,2.29,2.238,2.236,2.242,2.329,2.321,2.344,2.437,2.432,2.446,2.442
2006,2,579,2006-02-06,2.388,2.354,2.458,2.342,2.31,2.41,2.445,2.404,2.524,2.549,2.517,2.609,2.499
2006,3,583,2006-03-06,2.373,2.36,2.398,2.331,2.321,2.353,2.425,2.407,2.459,2.519,2.509,2.539,2.545
2006,4,587,2006-04-03,2.631,2.609,2.676,2.588,2.567,2.63,2.684,2.656,2.738,2.785,2.767,2.817,2.617
2006,5,591,2006-05-01,2.966,2.91,3.08,2.919,2.866,3.03,3.026,2.961,3.151,3.129,3.073,3.233,2.896
2006,6,596,2006-06-05,2.937,2.852,3.112,2.892,2.811,3.062,2.995,2.898,3.183,3.095,3.005,3.262,2.89
2006,7,600,2006-07-03,2.979,2.914,3.111,2.934,2.873,3.063,3.034,2.961,3.177,3.133,3.063,3.264,2.898
2006,8,605,2006-08-07,3.083,3.045,3.16,3.038,3.004,3.109,3.137,3.091,3.227,3.242,3.2,3.321,3.055
2006,9,609,2006-09-04,2.777,2.725,2.884,2.727,2.68,2.828,2.842,2.777,2.966,2.952,2.896,3.056,2.967
2006,10,613,2006-10-02,2.36,2.309,2.465,2.31,2.263,2.409,2.426,2.362,2.55,2.531,2.478,2.631,2.546
2006,11,618,2006-11-06,2.246,2.232,2.276,2.2,2.189,2.222,2.306,2.281,2.354,2.407,2.39,2.438,2.506
2006,12,622,2006-12-04,2.342,2.32,2.388,2.297,2.277,2.338,2.399,2.368,2.46,2.502,2.479,2.545,2.618
2007,1,626,2007-01-01,2.382,2.34,2.465,2.334,2.296,2.414,2.442,2.392,2.54,2.547,2.505,2.624,2.58
2007,2,631,2007-02-05,2.237,2.194,2.326,2.191,2.151,2.275,2.3,2.244,2.407,2.396,2.35,2.481,2.435
2007,3,635,2007-03-05,2.551,2.504,2.647,2.505,2.46,2.599,2.609,2.549,2.726,2.709,2.667,2.786,2.626
2007,4,639,2007-04-02,2.753,2.678,2.904,2.707,2.636,2.855,2.814,2.725,2.986,2.912,2.838,3.048,2.79
2007,5,644,2007-05-07,3.097,3.043,3.208,3.054,3.002,3.162,3.155,3.089,3.284,3.247,3.194,3.345,2.792
2007,6,648,2007-06-04,3.2,3.172,3.257,3.157,3.132,3.208,3.255,3.218,3.328,3.351,3.323,3.405,2.799
2007,7,652,2007-07-02,3.005,2.976,3.066,2.959,2.933,3.012,3.064,3.025,3.141,3.168,3.134,3.233,2.829
2007,8,657,2007-08-06,2.888,2.861,2.943,2.838,2.816,2.885,2.951,2.912,3.027,3.062,3.031,3.12,2.898
2007,9,661,2007-09-03,2.84,2.857,2.804,2.796,2.818,2.749,2.89,2.897,2.876,2.997,3.008,2.975,2.893
2007,10,665,2007-10-01,2.838,2.832,2.852,2.788,2.784,2.796,2.903,2.887,2.934,3.013,3.008,3.022,3.048
2007,11,670,2007-11-05,3.06,3.051,3.077,3.013,3.007,3.025,3.117,3.097,3.154,3.224,3.219,3.234,3.303
2007,12,674,2007-12-03,3.113,3.077,3.184,3.061,3.029,3.128,3.178,3.131,3.267,3.292,3.259,3.354,3.416
2008,1,679,2008-01-07,3.159,3.135,3.208,3.109,3.088,3.154,3.22,3.187,3.285,3.335,3.313,3.375,3.376
2008,2,683,2008-02-04,3.03,3.014,3.061,2.978,2.966,3.002,3.094,3.069,3.141,3.212,3.196,3.242,3.28
2008,3,687,2008-03-03,3.212,3.185,3.269,3.162,3.137,3.216,3.277,3.239,3.351,3.386,3.362,3.43,3.658
2008,4,692,2008-04-07,3.381,3.346,3.453,3.332,3.299,3.403,3.444,3.396,3.536,3.55,3.522,3.602,3.955
2008,5,696,2008-05-05,3.663,3.62,3.751,3.613,3.571,3.699,3.725,3.673,3.825,3.842,3.804,3.911,4.149
2008,6,700,2008-06-02,4.026,3.98,4.118,3.976,3.932,4.066,4.086,4.032,4.191,4.201,4.161,4.276,4.707
2008,7,705,2008-07-07,4.165,4.099,4.301,4.114,4.051,4.247,4.229,4.148,4.387,4.344,4.283,4.459,4.727
2008,8,709,2008-08-04,3.935,3.88,4.048,3.88,3.828,3.988,4.006,3.937,4.141,4.13,4.075,4.231,4.502
2008,9,713,2008-09-01,3.733,3.715,3.769,3.68,3.667,3.707,3.802,3.769,3.867,3.918,3.897,3.957,4.121
2008,10,718,2008-10-06,3.543,3.541,3.545,3.484,3.485,3.482,3.618,3.609,3.636,3.746,3.752,3.735,3.875
2008,11,722,2008-11-03,2.462,2.395,2.597,2.4,2.34,2.525,2.543,2.457,2.709,2.677,2.603,2.813,3.088
2008,12,726,2008-12-01,1.87,1.844,1.924,1.811,1.79,1.854,1.945,1.906,2.021,2.077,2.044,2.141,2.615
2009,1,731,2009-01-05,1.737,1.72,1.772,1.684,1.672,1.711,1.8,1.769,1.861,1.922,1.902,1.96,2.291
2009,2,735,2009-02-02,1.944,1.92,1.992,1.892,1.871,1.936,2.007,1.974,2.071,2.126,2.107,2.162,2.246
2009,3,739,2009-03-02,1.988,1.961,2.043,1.934,1.91,1.984,2.057,2.016,2.137,2.174,2.151,2.218,2.087
2009,4,744,2009-04-06,2.09,2.061,2.148,2.037,2.011,2.092,2.158,2.119,2.234,2.271,2.245,2.319,2.228
2009,5,748,2009-05-04,2.129,2.093,2.202,2.078,2.045,2.147,2.195,2.149,2.284,2.308,2.275,2.369,2.185
2009,6,752,2009-06-01,2.572,2.548,2.621,2.524,2.502,2.57,2.63,2.595,2.698,2.741,2.721,2.778,2.352
2009,7,757,2009-07-06,2.666,2.615,2.77,2.612,2.563,2.713,2.736,2.673,2.856,2.855,2.81,2.94,2.594
2009,8,761,2009-08-03,2.61,2.561,2.71,2.557,2.511,2.653,2.676,2.613,2.796,2.793,2.747,2.88,2.55
2009,9,766,2009-09-07,2.642,2.569,2.792,2.588,2.519,2.733,2.711,2.619,2.89,2.831,2.759,2.965,2.647
2009,10,770,2009-10-05,2.523,2.446,2.681,2.468,2.396,2.621,2.6,2.502,2.788,2.711,2.634,2.853,2.582
2009,11,774,2009-11-02,2.746,2.71,2.822,2.694,2.66,2.766,2.812,2.764,2.907,2.93,2.897,2.991,2.808
2009,12,779,2009-12-07,2.689,2.653,2.763,2.634,2.601,2.703,2.761,2.715,2.851,2.882,2.849,2.942,2.772
2010,1,783,2010-01-04,2.718,2.677,2.802,2.665,2.627,2.745,2.784,2.73,2.889,2.905,2.869,2.972,2.797
2010,2,787,2010-02-01,2.717,2.672,2.809,2.661,2.618,2.75,2.787,2.731,2.897,2.911,2.871,2.984,2.781
2010,3,791,2010-03-01,2.756,2.723,2.824,2.702,2.671,2.768,2.827,2.784,2.911,2.943,2.917,2.992,2.861
2010,4,796,2010-04-05,2.877,2.844,2.944,2.826,2.795,2.891,2.94,2.897,3.024,3.056,3.029,3.106,3.015
2010,5,800,2010-05-03,2.95,2.914,3.023,2.898,2.864,2.97,3.011,2.967,3.096,3.131,3.103,3.185,3.122
2010,6,805,2010-06-07,2.78,2.725,2.892,2.725,2.674,2.831,2.849,2.778,2.986,2.972,2.917,3.075,2.946
2010,7,809,2010-07-05,2.779,2.724,2.889,2.726,2.676,2.83,2.846,2.774,2.984,2.964,2.91,3.066,2.924
2010,8,813,2010-08-02,2.788,2.736,2.894,2.735,2.687,2.836,2.856,2.788,2.988,2.973,2.922,3.067,2.928
2010,9,818,2010-09-06,2.735,2.695,2.815,2.682,2.647,2.755,2.803,2.748,2.911,2.917,2.877,2.992,2.931
2010,10,822,2010-10-04,2.784,2.754,2.845,2.732,2.705,2.787,2.85,2.807,2.933,2.966,2.938,3.019,3.0
2010,11,826,2010-11-01,2.861,2.811,2.962,2.806,2.76,2.903,2.929,2.867,3.05,3.051,3.004,3.139,3.067
2010,12,831,2010-12-06,3.013,2.97,3.101,2.958,2.917,3.045,3.079,3.027,3.181,3.207,3.169,3.277,3.197
2011,1,835,2011-01-03,3.124,3.086,3.201,3.07,3.034,3.146,3.188,3.142,3.278,3.314,3.283,3.372,3.331
2011,2,840,2011-02-07,3.185,3.145,3.266,3.132,3.094,3.211,3.251,3.202,3.345,3.371,3.338,3.434,3.513
2011,3,844,2011-03-07,3.572,3.524,3.671,3.52,3.473,3.617,3.636,3.576,3.753,3.758,3.717,3.834,3.871
2011,4,848,2011-04-04,3.737,3.686,3.84,3.684,3.635,3.786,3.801,3.737,3.925,3.921,3.88,3.998,3.976
2011,5,852,2011-05-02,4.014,3.955,4.134,3.963,3.906,4.081,4.075,4.004,4.212,4.198,4.144,4.297,4.124
2011,6,857,2011-06-06,3.833,3.785,3.929,3.781,3.738,3.87,3.891,3.827,4.014,4.02,3.97,4.112,3.94
2011,7,861,2011-07-04,3.634,3.584,3.736,3.579,3.534,3.674,3.699,3.635,3.822,3.829,3.775,3.929,3.85
2011,8,865,2011-08-01,3.766,3.737,3.826,3.711,3.684,3.768,3.829,3.792,3.9,3.963,3.937,4.013,3.937
2011,9,870,2011-09-05,3.727,3.692,3.8,3.674,3.643,3.741,3.791,3.742,3.885,3.914,3.878,3.98,3.868
2011,10,874,2011-10-03,3.492,3.435,3.609,3.433,3.381,3.543,3.569,3.495,3.711,3.698,3.64,3.806,3.749
2011,11,879,2011-11-07,3.482,3.424,3.599,3.424,3.37,3.535,3.558,3.483,3.701,3.683,3.627,3.788,3.887
2011,12,883,2011-12-05,3.35,3.296,3.46,3.29,3.24,3.395,3.426,3.355,3.562,3.56,3.508,3.656,3.931
2012,1,887,2012-01-02,3.358,3.31,3.454,3.299,3.254,3.393,3.429,3.368,3.548,3.567,3.527,3.641,3.783
2012,2,892,2012-02-06,3.542,3.496,3.637,3.482,3.436,3.578,3.614,3.558,3.723,3.756,3.721,3.822,3.856
2012,3,896,2012-03-05,3.849,3.771,4.009,3.793,3.717,3.954,3.92,3.824,4.104,4.043,3.977,4.167,4.094
2012,4,900,2012-04-02,3.996,3.928,4.135,3.941,3.874,4.08,4.063,3.981,4.222,4.193,4.136,4.299,4.142
2012,5,905,2012-05-07,3.849,3.773,4.005,3.79,3.718,3.943,3.923,3.831,4.101,4.054,3.98,4.19,4.057
2012,6,909,2012-06-04,3.671,3.57,3.878,3.613,3.518,3.812,3.75,3.624,3.993,3.871,3.766,4.065,3.846
2012,7,913,2012-07-02,3.415,3.343,3.561,3.356,3.291,3.493,3.489,3.398,3.665,3.618,3.54,3.764,3.648
2012,8,918,2012-08-06,3.702,3.66,3.788,3.645,3.606,3.727,3.767,3.714,3.87,3.907,3.869,3.976,3.85
2012,9,922,2012-09-03,3.903,3.854,4.001,3.843,3.797,3.94,3.975,3.916,4.089,4.111,4.07,4.189,4.127
2012,10,926,2012-10-01,3.866,3.808,3.986,3.804,3.75,3.916,3.944,3.87,4.086,4.087,4.026,4.2,4.079
2012,11,931,2012-11-05,3.563,3.471,3.749,3.492,3.406,3.673,3.652,3.542,3.864,3.808,3.717,3.978,4.01
2012,12,935,2012-12-03,3.463,3.401,3.589,3.394,3.337,3.513,3.548,3.474,3.692,3.707,3.643,3.826,4.027
2013,1,940,2013-01-07,3.373,3.304,3.512,3.299,3.233,3.437,3.463,3.383,3.616,3.631,3.568,3.748,3.911
2013,2,944,2013-02-04,3.604,3.534,3.748,3.538,3.471,3.678,3.683,3.598,3.848,3.841,3.776,3.963,4.022
2013,3,948,2013-03-04,3.826,3.763,3.955,3.759,3.698,3.888,3.91,3.833,4.06,4.061,4.009,4.158,4.13
2013,4,952,2013-04-01,3.714,3.638,3.867,3.645,3.572,3.799,3.798,3.71,3.969,3.953,3.887,4.076,3.993
2013,5,957,2013-05-06,3.602,3.54,3.729,3.538,3.478,3.662,3.681,3.603,3.832,3.83,3.776,3.93,3.845
2013,6,961,2013-06-03,3.705,3.664,3.788,3.646,3.61,3.721,3.773,3.712,3.892,3.913,3.87,3.992,3.869
2013,7,965,2013-07-01,3.567,3.478,3.748,3.496,3.41,3.676,3.66,3.557,3.86,3.813,3.732,3.964,3.817
2013,8,970,2013-08-05,3.701,3.633,3.84,3.632,3.566,3.769,3.781,3.7,3.938,3.947,3.887,4.059,3.909
2013,9,974,2013-09-02,3.678,3.641,3.751,3.608,3.575,3.679,3.76,3.713,3.851,3.922,3.893,3.977,3.981
2013,10,979,2013-10-07,3.441,3.369,3.589,3.367,3.298,3.511,3.535,3.445,3.708,3.701,3.635,3.824,3.897
2013,11,983,2013-11-04,3.343,3.284,3.463,3.265,3.209,3.382,3.441,3.366,3.584,3.614,3.564,3.708,3.857
2013,12,987,2013-12-02,3.353,3.29,3.482,3.272,3.209,3.403,3.457,3.387,3.592,3.635,3.585,3.729,3.883
2014,1,992,2014-01-06,3.411,3.34,3.557,3.332,3.261,3.48,3.513,3.434,3.665,3.69,3.633,3.796,3.91
2014,2,996,2014-02-03,3.372,3.322,3.475,3.292,3.243,3.395,3.475,3.415,3.59,3.651,3.612,3.723,3.951
2014,3,1000,2014-03-03,3.553,3.494,3.673,3.479,3.421,3.601,3.648,3.58,3.779,3.812,3.768,3.893,4.016
2014,4,1005,2014-04-07,3.67,3.607,3.798,3.596,3.533,3.728,3.769,3.697,3.907,3.928,3.884,4.009,3.959
2014,5,1009,2014-05-05,3.761,3.683,3.92,3.684,3.606,3.849,3.864,3.777,4.033,4.027,3.971,4.13,3.964
2014,6,1013,2014-06-02,3.765,3.699,3.9,3.69,3.624,3.83,3.862,3.786,4.009,4.024,3.977,4.113,3.918
2014,7,1018,2014-07-07,3.753,3.68,3.903,3.678,3.605,3.831,3.849,3.766,4.01,4.015,3.957,4.123,3.913
2014,8,1022,2014-08-04,3.595,3.526,3.734,3.515,3.449,3.655,3.701,3.622,3.854,3.866,3.81,3.971,3.853
2014,9,1026,2014-09-01,3.536,3.486,3.638,3.459,3.41,3.561,3.638,3.577,3.755,3.803,3.767,3.871,3.814
2014,10,1031,2014-10-06,3.382,3.329,3.49,3.299,3.246,3.41,3.492,3.432,3.609,3.667,3.631,3.733,3.733
2014,11,1035,2014-11-03,3.077,3.037,3.16,2.993,2.956,3.071,3.187,3.133,3.29,3.369,3.335,3.432,3.623
2014,12,1039,2014-12-01,2.864,2.821,2.953,2.778,2.738,2.861,2.978,2.922,3.086,3.164,3.127,3.234,3.605
2015,1,1044,2015-01-05,2.308,2.228,2.472,2.214,2.136,2.378,2.437,2.346,2.614,2.631,2.562,2.759,3.137
2015,2,1048,2015-02-02,2.154,2.097,2.271,2.068,2.013,2.183,2.268,2.198,2.402,2.454,2.409,2.536,2.831
2015,3,1052,2015-03-02,2.556,2.441,2.79,2.473,2.36,2.71,2.671,2.534,2.937,2.837,2.741,3.017,2.936
2015,4,1057,2015-04-06,2.499,2.399,2.701,2.413,2.315,2.619,2.617,2.502,2.839,2.789,2.709,2.938,2.784
2015,5,1061,2015-05-04,2.749,2.601,3.049,2.664,2.517,2.971,2.87,2.703,3.192,3.036,2.911,3.269,2.854
2015,6,1065,2015-06-01,2.863,2.738,3.118,2.78,2.656,3.041,2.978,2.837,3.25,3.143,3.038,3.338,2.909
2015,7,1070,2015-07-06,2.877,2.786,3.063,2.793,2.702,2.982,2.99,2.887,3.188,3.168,3.093,3.307,2.832
2015,8,1074,2015-08-03,2.779,2.641,3.06,2.689,2.555,2.971,2.909,2.745,3.225,3.083,2.959,3.314,2.668
2015,9,1079,2015-09-07,2.532,2.428,2.743,2.437,2.337,2.648,2.662,2.536,2.908,2.853,2.764,3.02,2.534
2015,10,1083,2015-10-05,2.415,2.347,2.554,2.318,2.252,2.456,2.545,2.459,2.712,2.748,2.697,2.842,2.492
2015,11,1087,2015-11-02,2.322,2.265,2.439,2.224,2.17,2.337,2.455,2.379,2.602,2.66,2.617,2.741,2.485
2015,12,1092,2015-12-07,2.159,2.074,2.334,2.053,1.969,2.231,2.303,2.206,2.49,2.523,2.457,2.647,2.379
2016,1,1096,2016-01-04,2.135,2.027,2.354,2.028,1.922,2.25,2.285,2.161,2.525,2.498,2.413,2.656,2.211
2016,2,1100,2016-02-01,1.932,1.837,2.124,1.822,1.729,2.017,2.085,1.976,2.294,2.307,2.233,2.443,2.031
2016,3,1105,2016-03-07,1.943,1.882,2.067,1.841,1.782,1.964,2.081,2.005,2.227,2.294,2.25,2.374,2.021
2016,4,1109,2016-04-04,2.185,2.095,2.367,2.083,1.994,2.271,2.323,2.222,2.52,2.532,2.465,2.655,2.115
2016,5,1113,2016-05-02,2.342,2.271,2.487,2.24,2.168,2.391,2.482,2.404,2.633,2.693,2.647,2.778,2.266
2016,6,1118,2016-06-06,2.482,2.43,2.586,2.381,2.328,2.491,2.616,2.56,2.725,2.83,2.804,2.876,2.407
2016,7,1122,2016-07-04,2.396,2.311,2.57,2.291,2.205,2.472,2.537,2.442,2.72,2.755,2.696,2.865,2.423
2016,8,1126,2016-08-01,2.267,2.198,2.406,2.159,2.091,2.302,2.413,2.335,2.565,2.635,2.591,2.716,2.348
2016,9,1131,2016-09-05,2.329,2.277,2.436,2.223,2.17,2.333,2.468,2.405,2.588,2.698,2.671,2.749,2.407
2016,10,1135,2016-10-03,2.354,2.295,2.476,2.245,2.184,2.375,2.506,2.441,2.631,2.726,2.696,2.782,2.389
2016,11,1140,2016-11-07,2.345,2.27,2.499,2.233,2.157,2.392,2.498,2.416,2.656,2.732,2.681,2.826,2.47
2016,12,1144,2016-12-05,2.321,2.25,2.464,2.208,2.137,2.356,2.471,2.397,2.615,2.71,2.664,2.795,2.48
2017,1,1148,2017-01-02,2.485,2.429,2.601,2.377,2.319,2.497,2.622,2.56,2.742,2.865,2.832,2.927,2.586
2017,2,1153,2017-02-06,2.405,2.333,2.552,2.293,2.221,2.446,2.552,2.474,2.703,2.79,2.743,2.878,2.558
2017,3,1157,2017-03-06,2.452,2.375,2.61,2.341,2.264,2.504,2.604,2.515,2.775,2.833,2.781,2.929,2.579
2017,4,1161,2017-04-03,2.471,2.393,2.631,2.36,2.281,2.527,2.622,2.537,2.785,2.851,2.799,2.948,2.556
2017,5,1165,2017-05-01,2.522,2.444,2.683,2.411,2.331,2.578,2.673,2.588,2.837,2.907,2.855,3.002,2.583
2017,6,1170,2017-06-05,2.525,2.437,2.705,2.414,2.325,2.601,2.677,2.579,2.864,2.906,2.843,3.022,2.564
2017,7,1174,2017-07-03,2.376,2.278,2.574,2.26,2.163,2.464,2.536,2.43,2.742,2.77,2.696,2.907,2.472
2017,8,1179,2017-08-07,2.492,2.405,2.668,2.378,2.29,2.564,2.644,2.553,2.821,2.882,2.825,2.987,2.581
2017,9,1183,2017-09-04,2.794,2.722,2.939,2.679,2.604,2.835,2.946,2.875,3.085,3.191,3.153,3.262,2.758
2017,10,1187,2017-10-02,2.682,2.614,2.82,2.565,2.493,2.715,2.841,2.772,2.975,3.085,3.055,3.142,2.792
2017,11,1192,2017-11-06,2.673,2.583,2.858,2.561,2.468,2.754,2.829,2.732,3.018,3.059,2.999,3.17,2.882
2017,12,1196,2017-12-04,2.617,2.528,2.797,2.5,2.41,2.689,2.778,2.683,2.962,3.014,2.957,3.122,2.922
2018,1,1200,2018-01-01,2.637,2.554,2.804,2.52,2.436,2.697,2.798,2.711,2.965,3.035,2.983,3.129,2.973
2018,2,1205,2018-02-05,2.753,2.661,2.94,2.637,2.544,2.832,2.914,2.813,3.109,3.149,3.089,3.262,3.086
2018,3,1209,2018-03-05,2.679,2.582,2.877,2.56,2.462,2.767,2.845,2.738,3.053,3.084,3.02,3.204,2.992
2018,4,1213,2018-04-02,2.817,2.71,3.033,2.7,2.592,2.927,2.979,2.863,3.205,3.212,3.14,3.345,3.042
2018,5,1218,2018-05-07,2.96,2.851,3.182,2.845,2.733,3.078,3.119,3.003,3.343,3.354,3.28,3.491,3.171
2018,6,1222,2018-06-04,3.018,2.91,3.226,2.94,2.849,3.131,3.285,3.146,3.482,3.524,3.417,3.647,3.285
2018,7,1226,2018-07-02,2.924,2.824,3.117,2.844,2.762,3.019,3.197,3.068,3.382,3.439,3.335,3.559,3.236
2018,8,1231,2018-08-06,2.93,2.843,3.101,2.852,2.781,3.004,3.191,3.08,3.352,3.435,3.354,3.53,3.223
2018,9,1235,2018-09-03,2.903,2.822,3.064,2.824,2.759,2.964,3.175,3.069,3.328,3.416,3.34,3.505,3.252
2018,10,1239,2018-10-01,2.947,2.859,3.117,2.866,2.796,3.014,3.223,3.106,3.39,3.468,3.378,3.573,3.313
2018,11,1244,2018-11-05,2.84,2.738,3.036,2.753,2.67,2.927,3.146,3.008,3.34,3.389,3.281,3.514,3.338
2018,12,1248,2018-12-03,2.544,2.422,2.777,2.451,2.35,2.665,2.883,2.731,3.098,3.119,2.998,3.258,3.207
2019,1,1253,2019-01-07,2.329,2.199,2.578,2.237,2.128,2.465,2.662,2.496,2.895,2.906,2.764,3.069,3.013
2019,2,1257,2019-02-04,2.341,2.228,2.561,2.254,2.162,2.451,2.644,2.488,2.867,2.895,2.77,3.04,2.966
2019,3,1261,2019-03-04,2.502,2.412,2.678,2.422,2.352,2.574,2.768,2.638,2.956,3.02,2.919,3.137,3.076
2019,4,1265,2019-04-01,2.77,2.67,2.967,2.691,2.611,2.863,3.034,2.885,3.25,3.286,3.172,3.419,3.078
2019,5,1270,2019-05-06,2.983,2.834,3.279,2.897,2.771,3.171,3.286,3.083,3.583,3.537,3.357,3.748,3.171
2019,6,1274,2019-06-03,2.893,2.757,3.164,2.807,2.691,3.058,3.194,3.015,3.458,3.447,3.295,3.627,3.136
2019,7,1278,2019-07-01,2.798,2.674,3.043,2.713,2.608,2.938,3.095,2.931,3.336,3.343,3.205,3.505,3.042
2019,8,1283,2019-08-05,2.772,2.653,3.007,2.688,2.588,2.902,3.062,2.899,3.3,3.317,3.187,3.469,3.032
2019,9,1287,2019-09-02,2.651,2.527,2.893,2.563,2.461,2.782,2.96,2.789,3.207,3.215,3.076,3.377,2.976
2019,10,1292,2019-10-07,2.742,2.581,3.058,2.645,2.513,2.929,3.097,2.855,3.449,3.356,3.14,3.61,3.047
2019,11,1296,2019-11-04,2.702,2.555,2.994,2.605,2.485,2.866,3.064,2.847,3.379,3.313,3.123,3.535,3.062
2019,12,1300,2019-12-02,2.667,2.554,2.894,2.575,2.485,2.775,2.999,2.84,3.236,3.249,3.116,3.406,3.07
2020,1,1305,2020-01-06,2.665,2.561,2.87,2.578,2.494,2.761,2.973,2.833,3.176,3.214,3.103,3.342,3.079
2020,2,1309,2020-02-03,2.546,2.428,2.779,2.455,2.358,2.664,2.872,2.709,3.11,3.125,2.998,3.274,2.956
2020,3,1313,2020-03-02,2.514,2.394,2.754,2.423,2.324,2.639,2.838,2.671,3.085,3.093,2.961,3.248,2.851
2020,4,1318,2020-04-06,2.022,1.877,2.304,1.924,1.8,2.185,2.392,2.207,2.658,2.635,2.485,2.806,2.548
2020,5,1322,2020-05-04,1.883,1.753,2.136,1.789,1.68,2.02,2.221,2.052,2.465,2.479,2.339,2.639,2.399
2020,6,1326,2020-06-01,2.064,1.952,2.285,1.974,1.883,2.169,2.38,2.227,2.601,2.638,2.512,2.784,2.386
2020,7,1331,2020-07-06,2.265,2.168,2.456,2.177,2.1,2.344,2.571,2.438,2.764,2.821,2.719,2.94,2.437
2020,8,1335,2020-08-03,2.266,2.156,2.481,2.176,2.085,2.37,2.587,2.445,2.793,2.834,2.723,2.964,2.424
2020,9,1340,2020-09-07,2.302,2.193,2.518,2.211,2.122,2.405,2.624,2.481,2.836,2.872,2.758,3.008,2.435
2020,10,1344,2020-10-05,2.262,2.161,2.464,2.172,2.091,2.349,2.583,2.442,2.793,2.833,2.723,2.965,2.387
2020,11,1348,2020-11-02,2.204,2.092,2.43,2.112,2.021,2.314,2.533,2.378,2.765,2.786,2.661,2.936,2.372
2020,12,1353,2020-12-07,2.246,2.133,2.469,2.156,2.063,2.355,2.567,2.412,2.798,2.82,2.694,2.968,2.526
2021,1,1357,2021-01-04,2.336,2.227,2.549,2.249,2.16,2.437,2.639,2.484,2.867,2.895,2.771,3.042,2.64
